{"presentation":{"slides":[{"elements":[{"x":3.2679738562092,"y":27.956989247311999,"width":20.250088594137999,"height":40,"action":{"library":"H5P.Image 1.1","params":{"contentName":"Image","file":{"path":"images\/file-5bce0179e7d1e.png","mime":"image\/png","width":432,"height":432,"copyright":{"license":"U"}}},"subContentId":"6d0e8bda-4c96-4123-addb-fb015909fdc1","metadata":{"license":"U","contentType":"Image","title":"Untitled Image"}},"alwaysDisplayComments":false,"backgroundOpacity":0,"displayAsButton":false,"buttonSize":"big","goToSlideType":"specified","invisible":false,"solution":""},{"x":27.233115468409999,"y":3.0107526881719999,"width":71.132897603486001,"height":96.344086021505007,"action":{"library":"H5P.AdvancedText 1.1","params":{"text":"<h2 style=\"text-align: center;\">Developing Research Questions and Creating Keywords<\/h2>\n\n<p><span style=\"font-size:1.25em;\">In these activities, you will learn strategies for generating research questions and turning those questions into keywords. Coming up with keywords will help you craft more effective searches!<\/span><\/p>\n\n<p><span style=\"font-size:1.25em;\">By the end of this workshop, you'll be able to:<\/span><\/p>\n\n<ul>\n\t<li><span style=\"font-size:1.25em;\">Develop specific research questions from a topic<\/span><\/li>\n\t<li><span style=\"font-size:1.25em;\">Turn questions into keywords<\/span><\/li>\n\t<li><span style=\"font-size:1.25em;\">Construct a preliminary search for your specific research question<\/span><\/li>\n<\/ul>\n"},"subContentId":"aed709a3-2345-45f6-88f0-8c6a3eadc7a2","metadata":{"contentType":"Text","license":"U","title":"Untitled Text"}},"alwaysDisplayComments":false,"backgroundOpacity":0,"displayAsButton":false,"buttonSize":"big","goToSlideType":"specified","invisible":false,"solution":""},{"x":0.52724077328646746,"y":88.541666666666671,"width":2.8935185185185182,"height":5.7208237986270021,"action":{"library":"H5P.Image 1.1","params":{"contentName":"Image","file":{"path":"images\/file-5e2a1d2b9cb6b.png","mime":"image\/png","copyright":{"license":"U"},"width":1200,"height":1200},"alt":"email logo"},"metadata":{"contentType":"Image","license":"U","title":"Untitled Image"},"subContentId":"74847bb6-fbd4-49fa-a3b7-f29346d84634"},"alwaysDisplayComments":false,"backgroundOpacity":0,"displayAsButton":false,"buttonSize":"big","goToSlideType":"specified","invisible":false,"solution":""},{"x":3.690685413005272,"y":89.236111111111128,"width":26.157407407407405,"height":8.695652173913043,"action":{"library":"H5P.AdvancedText 1.1","params":{"text":"<p><em>Email us at <a href=\"mailto:uclawire@ucla.edu\" target=\"_blank\">uclawire@ucla.edu<\/a> if you have any questions!<\/em><\/p>\n"},"metadata":{"contentType":"Text","license":"U","title":"Untitled Text"},"subContentId":"fafa8098-5c80-416c-884f-0eaef25dcb87"},"alwaysDisplayComments":false,"backgroundOpacity":0,"displayAsButton":false,"buttonSize":"big","goToSlideType":"specified","invisible":false,"solution":""}],"slideBackgroundSelector":{},"keywords":[{"main":"Introduction"}]},{"elements":[{"x":1.0893246187364001,"y":30.107526881719998,"width":25.925925925925998,"height":51.182795698924998,"action":{"library":"H5P.Image 1.1","params":{"contentName":"Image","file":{"path":"images\/file-5bc77038b404d.png","mime":"image\/png","width":1200,"height":1200,"copyright":{"license":"U"}},"alt":"Bruin bear"},"subContentId":"a3bb28c4-e491-4939-8619-c040999f1dc4","metadata":{"license":"U","contentType":"Image","title":"Untitled Image"}},"alwaysDisplayComments":false,"backgroundOpacity":0,"displayAsButton":false,"buttonSize":"big","goToSlideType":"specified","invisible":false,"solution":""},{"x":22.875816993463999,"y":30.107526881719998,"width":11.764705882353001,"height":23.225806451613,"action":{"library":"H5P.Image 1.1","params":{"contentName":"Image","file":{"path":"images\/file-5bc771110a6aa.png","mime":"image\/png","width":1200,"height":1200,"copyright":{"license":"U"}},"alt":"Research image"},"subContentId":"f08ef782-6979-4151-a284-16c159981176","metadata":{"license":"U","contentType":"Image","title":"Untitled Image"}},"alwaysDisplayComments":false,"backgroundOpacity":0,"displayAsButton":false,"buttonSize":"big","goToSlideType":"specified","invisible":false,"solution":""},{"x":41.033434650456002,"y":15.015015015015001,"width":56.382978723404001,"height":71.471471471471006,"action":{"library":"H5P.AdvancedText 1.1","params":{"text":"<h2 style=\"text-align: center;\">Instructions<\/h2>\n\n<ul>\n\t<li><span style=\"font-size:1.125em;\">Watch the interactive video and answer the questions<\/span><\/li>\n\t<li><span style=\"font-size:1.125em;\">Complete the reflection activity<\/span><\/li>\n\t<li><span style=\"font-size:1.125em;\"><strong>Essential:<\/strong>&nbsp;At the end, click the \"print\" button on the bottom right to keep a copy of your work!<\/span><\/li>\n<\/ul>\n\n<p><span style=\"font-size:1.125em;\">Complete all of the activities in this section to finish the workshop and earn your \"Savvy Searcher\" certification!<\/span><\/p>\n"},"subContentId":"aed709a3-2345-45f6-88f0-8c6a3eadc7a2","metadata":{"contentType":"Text","license":"U","title":"Untitled Text"}},"alwaysDisplayComments":false,"backgroundOpacity":0,"displayAsButton":false,"buttonSize":"big","goToSlideType":"specified","invisible":false,"solution":""}],"slideBackgroundSelector":{},"keywords":[{"main":"Instructions"}]},{"elements":[{"x":0,"y":0,"width":100,"height":100,"action":{"library":"H5P.InteractiveVideo 1.22","params":{"interactiveVideo":{"video":{"startScreenOptions":{"title":"Interactive Video","hideStartTitle":false},"textTracks":{"videoTrack":[{"label":"Subtitles","kind":"subtitles","srcLang":"en"}]},"files":[{"path":"https:\/\/youtu.be\/jj-F6YVtsxI","mime":"video\/YouTube","copyright":{"license":"U"}}]},"assets":{"interactions":[{"x":11.217367375228999,"y":4.4333610418397997,"width":32.917705735661002,"height":19.451371571071999,"duration":{"from":21,"to":21},"libraryTitle":"Text","action":{"library":"H5P.Text 1.1","params":{"text":"<p>You are about to learn how to turn your interests into research questions.<\/p>\n\n<p>Here are a few examples maps to give you a visual idea of what you'll make! Press play to continue.<\/p>\n"},"subContentId":"f72bb4f0-37db-4390-9d3b-b1a1fad4206f","metadata":{"contentType":"Text","license":"U","title":"Untitled Text"}},"pause":true,"displayType":"poster","buttonOnMobile":false,"visuals":{"backgroundColor":"rgb(255, 255, 255)","boxShadow":true},"goto":{"url":{"protocol":"http:\/\/"},"visualize":false,"type":""},"label":""},{"x":18.703241895262,"y":28.824833702882,"width":26.556327654316,"height":12.769638403989999,"duration":{"from":21,"to":21},"libraryTitle":"Image","action":{"library":"H5P.Image 1.1","params":{"contentName":"Image","file":{"path":"images\/file-5bce03c8cb4d0.jpg","mime":"image\/jpeg","width":3124,"height":1500,"copyright":{"license":"U"}},"alt":"Question map example"},"subContentId":"9dc5e55f-4d6e-4aa0-bc68-9ee68b4876fa","metadata":{"license":"U","contentType":"Image","title":"Untitled Image"}},"visuals":{"backgroundColor":"rgba(0,0,0,0)","boxShadow":true},"pause":false,"displayType":"poster","buttonOnMobile":false,"goto":{"url":{"protocol":"http:\/\/"},"visualize":false,"type":""},"label":""},{"x":23.690773067332,"y":11.086474501109,"width":22.443890274314001,"height":16.957605985036999,"duration":{"from":25,"to":25},"libraryTitle":"Text","action":{"library":"H5P.Text 1.1","params":{"text":"<h2>Grab a blank piece of paper and a pen or pencil! Press play when you are ready to start.<\/h2>\n"},"subContentId":"07c96ab6-0e1f-49e2-85dd-a9af20c5318b","metadata":{"contentType":"Text","license":"U","title":"Untitled Text"}},"pause":true,"displayType":"poster","buttonOnMobile":false,"visuals":{"backgroundColor":"rgb(255, 255, 255)","boxShadow":true},"goto":{"url":{"protocol":"http:\/\/"},"visualize":false,"type":""},"label":""},{"x":26.184538653366999,"y":15.521064301552,"width":19.451371571071999,"height":15.960099750623,"duration":{"from":41,"to":43},"libraryTitle":"Text","action":{"library":"H5P.Text 1.1","params":{"text":"<h2>Draw a circle in the center of your paper and write your topic in the middle. Choose something you are passionate about!<\/h2>\n"},"subContentId":"0ae1e00c-6e6b-4b8d-9bac-f3620f214453","metadata":{"contentType":"Text","license":"U","title":"Untitled Text"}},"pause":true,"displayType":"poster","buttonOnMobile":false,"visuals":{"backgroundColor":"rgb(255, 255, 255)","boxShadow":true},"goto":{"url":{"protocol":"http:\/\/"},"visualize":false,"type":""},"label":""},{"x":76.059850374064993,"y":46.563192904655999,"width":9.0843204488778007,"height":11.421446384039999,"duration":{"from":64,"to":66},"libraryTitle":"Text","action":{"library":"H5P.Text 1.1","params":{"text":"<p>Around the middle circle, write down as many questions about your topic as you can brainstorm.<\/p>\n"},"subContentId":"9b6766d6-61b5-415a-a150-3dc3876a50cc","metadata":{"contentType":"Text","license":"U","title":"Untitled Text"}},"pause":true,"displayType":"poster","buttonOnMobile":false,"visuals":{"backgroundColor":"rgb(255, 255, 255)","boxShadow":true},"goto":{"url":{"protocol":"http:\/\/"},"visualize":false,"type":""},"label":""},{"x":1.2468827930174999,"y":47.893569844788999,"width":7.4812967581047003,"height":11.471321695761,"duration":{"from":103,"to":105},"libraryTitle":"Text","action":{"library":"H5P.Text 1.1","params":{"text":"<p>Narrow down your topic by writing down more specific questions around your existing questions.<\/p>\n"},"subContentId":"47a0f1cf-1078-4a05-810d-ad13b5e06232","metadata":{"contentType":"Text","license":"U","title":"Untitled Text"}},"pause":true,"displayType":"poster","buttonOnMobile":false,"visuals":{"backgroundColor":"rgb(255, 255, 255)","boxShadow":true},"goto":{"url":{"protocol":"http:\/\/"},"visualize":false,"type":""},"label":""}]},"summary":{"task":{"library":"H5P.Summary 1.10","params":{"intro":"Choose the correct statement.","summaries":[{"subContentId":"4264062f-625d-49b2-9914-81aa5cbaddcd","tip":""}],"overallFeedback":[{"from":0,"to":100}],"solvedLabel":"Progress:","scoreLabel":"Wrong answers:","resultLabel":"Your result","labelCorrect":"Correct.","labelIncorrect":"Incorrect! Please try again.","labelCorrectAnswers":"Correct answers.","tipButtonLabel":"Show tip","scoreBarLabel":"You got :num out of :total points","progressText":"Progress :num of :total","alternativeIncorrectLabel":"Incorrect"},"subContentId":"d9cac14d-7b72-47a5-9ae6-23551894bc96","metadata":{"title":"Choose the correct statement.","license":"U","contentType":"Summary"}},"displayAt":3}},"override":{"autoplay":false,"loop":false,"showBookmarksmenuOnLoad":false,"showRewind10":true,"preventSkipping":true,"deactivateSound":false},"l10n":{"interaction":"Interaction","play":"Play","pause":"Pause","mute":"Mute","unmute":"Unmute","quality":"Video Quality","captions":"Captions","close":"Close","fullscreen":"Fullscreen","exitFullscreen":"Exit Fullscreen","summary":"Summary","bookmarks":"Bookmarks","defaultAdaptivitySeekLabel":"Continue","continueWithVideo":"Continue with video","playbackRate":"Playback Rate","rewind10":"Rewind 10 Seconds","navDisabled":"Navigation is disabled","sndDisabled":"Sound is disabled","requiresCompletionWarning":"You need to answer all the questions correctly before continuing.","back":"Back","hours":"Hours","minutes":"Minutes","seconds":"Seconds","currentTime":"Current time:","totalTime":"Total time:","singleInteractionAnnouncement":"Interaction appeared:","multipleInteractionsAnnouncement":"Multiple interactions appeared.","videoPausedAnnouncement":"Video is paused","content":"Content","endscreen":"Submit screen","answered":"@answered answered","endcardTitle":"@answered Question(s) answered","endcardInformation":"You have answered @answered questions, click below to submit your answers.","endcardInformationNoAnswers":"You have not answered any questions.","endcardInformationMustHaveAnswer":"You have to answer at least one question before you can submit your answers.","endcardSubmitButton":"Submit Answers","endcardSubmitMessage":"Your answers have been submitted!","endcardTableRowAnswered":"Answered questions","endcardTableRowScore":"Score","endcardAnsweredScore":"answered","endCardTableRowSummaryWithScore":"You got @score out of @total points for the @question that appeared after @minutes minutes and @seconds seconds.","endCardTableRowSummaryWithoutScore":"You have answered the @question that appeared after @minutes minutes and @seconds seconds."}},"subContentId":"b098f67c-80bd-41b4-9dd0-7287d6e1245f","metadata":{"title":"Interactive Video","license":"U","contentType":"Interactive Video"}},"alwaysDisplayComments":false,"backgroundOpacity":0,"displayAsButton":false,"buttonSize":"big","goToSlideType":"specified","invisible":false,"solution":""}],"slideBackgroundSelector":{},"keywords":[{"main":"Video: Mapping Your Research Questions"}]},{"elements":[{"x":3.0395136778115002,"y":3.0030030030030002,"width":39.969604863222003,"height":8.4084084084084001,"action":{"library":"H5P.AdvancedText 1.1","params":{"text":"<h2>Reflection #1<\/h2>\n"},"subContentId":"3dfbe970-147f-45d6-9710-3c077a34010e","metadata":{"contentType":"Text","license":"U","title":"Untitled Text"}},"alwaysDisplayComments":false,"backgroundOpacity":0,"displayAsButton":false,"buttonSize":"big","goToSlideType":"specified","invisible":false,"solution":""},{"x":3.2679738562092,"y":15.053763440859999,"width":92.401215805470997,"height":38.438438438437998,"action":{"library":"H5P.ExportableTextArea 1.3","params":{"exportNotSupported":"Export not supported on your device","exportComments":false,"index":2,"label":"<p>What central topic did you put in the middle of your concept map?<\/p>\n"},"subContentId":"c311d3f2-69f9-4f4f-9881-334265082b26","metadata":{"title":"What central topic did you put in the middle of your concept map?\n","license":"U","contentType":"Exportable Text Area"}},"alwaysDisplayComments":false,"backgroundOpacity":0,"displayAsButton":false,"buttonSize":"big","goToSlideType":"specified","invisible":false,"solution":""},{"x":3.2679738562092,"y":56.969032258064999,"width":92.156862745097996,"height":38.494623655913998,"action":{"library":"H5P.ExportableTextArea 1.3","params":{"exportNotSupported":"Export not supported on your device","exportComments":false,"index":1,"label":"<p>List three or more specific questions from the outer edges of your concept map that you are curious about exploring further.<\/p>\n"},"subContentId":"c72439c3-4267-4e8d-9772-afa48dbb306e","metadata":{"title":"List three or more specific questions from the outer edges of your concept map that you are curious about exploring further.\n","license":"U","contentType":"Exportable Text Area"}},"alwaysDisplayComments":false,"backgroundOpacity":0,"displayAsButton":false,"buttonSize":"big","goToSlideType":"specified","invisible":false,"solution":""}],"slideBackgroundSelector":{},"keywords":[{"main":"Reflection 1"}]},{"elements":[{"x":28.322440087145999,"y":21.505376344085999,"width":34.640522875816998,"height":68.387096774194006,"action":{"library":"H5P.Image 1.1","params":{"contentName":"Image","file":{"path":"images\/file-5bcf563c3f705.png","mime":"image\/png","width":1200,"height":1200,"copyright":{"license":"U"}}},"subContentId":"ee68fa20-9fc1-40b8-8b56-8ad911fa09e1","metadata":{"license":"U","contentType":"Image","title":"Untitled Image"}},"alwaysDisplayComments":false,"backgroundOpacity":0,"displayAsButton":false,"buttonSize":"big","goToSlideType":"specified","invisible":false,"solution":""},{"x":7.6252723311546999,"y":8.6021505376343992,"width":86.928104575163005,"height":21.075268817204002,"action":{"library":"H5P.AdvancedText 1.1","params":{"text":"<p style=\"text-align: center;\"><span style=\"font-size:1.5em;\">Now it's time to turn your questions into key words!<\/span><\/p>\n\n<p style=\"text-align: center;\"><span style=\"font-size:1.5em;\">Click the link below to learn how to put together a powerful search.<\/span><\/p>\n"},"subContentId":"4166c97d-0d5b-40e6-a291-9c09c7ee8228","metadata":{"contentType":"Text","license":"U","title":"Untitled Text"}},"alwaysDisplayComments":false,"backgroundOpacity":0,"displayAsButton":false,"buttonSize":"big","goToSlideType":"specified","invisible":false,"solution":""},{"x":67.538126361655998,"y":27.956989247311999,"width":15.032679738562001,"height":29.677419354839,"action":{"library":"H5P.Image 1.1","params":{"contentName":"Image","file":{"path":"images\/file-5bce0ad0aafee.png","mime":"image\/png","width":1200,"height":1200,"copyright":{"license":"U"}},"alt":"Arrow"},"subContentId":"ef46d4a9-6e42-410f-9ce8-681452ce7b17","metadata":{"license":"U","contentType":"Image","title":"Untitled Image"}},"alwaysDisplayComments":false,"backgroundOpacity":0,"displayAsButton":false,"buttonSize":"big","goToSlideType":"specified","invisible":false,"solution":""},{"x":31.590413943354999,"y":53.763440860214999,"width":28.104575163399002,"height":6.0215053763441002,"action":{"library":"H5P.Link 1.3","params":{"linkWidget":{"protocol":"https:\/\/","url":"uclalibrary.github.io\/research-tips\/turn-questions-into-keywords\/"},"title":"Turning Questions Into Keywords"},"subContentId":"537a640f-7a18-456c-8a79-3426b2c863c5","metadata":{"contentType":"Link","license":"U"}},"alwaysDisplayComments":false,"backgroundOpacity":0,"displayAsButton":false,"buttonSize":"big","goToSlideType":"specified","invisible":false,"solution":""}],"slideBackgroundSelector":{},"keywords":[{"main":"Activity: Turning Questions into Keywords"}]},{"elements":[{"x":10.893246187363999,"y":6.4516129032257998,"width":77.124183006536001,"height":89.892473118279995,"action":{"library":"H5P.MultiChoice 1.14","params":{"answers":[{"correct":false,"tipsAndFeedback":{"tip":"","chosenFeedback":"","notChosenFeedback":""},"text":"<div>how are<\/div>\n"},{"correct":true,"tipsAndFeedback":{"tip":"","chosenFeedback":"","notChosenFeedback":""},"text":"<div>gender roles<\/div>\n"},{"correct":false,"tipsAndFeedback":{"tip":"","chosenFeedback":"","notChosenFeedback":""},"text":"<div>portrayed in<\/div>\n"},{"correct":true,"tipsAndFeedback":{"tip":"","chosenFeedback":"","notChosenFeedback":""},"text":"<div>contemporary<\/div>\n"},{"correct":true,"tipsAndFeedback":{"tip":"","chosenFeedback":"","notChosenFeedback":""},"text":"<div>Italian cinema<\/div>\n"}],"overallFeedback":[{"from":0,"to":99,"feedback":"What are the most important parts of the research question?"},{"from":100,"to":100}],"UI":{"checkAnswerButton":"Check","showSolutionButton":"Show solution","tryAgainButton":"Retry","tipsLabel":"Show tip","scoreBarLabel":"You got :num out of :total points","tipAvailable":"Tip available","feedbackAvailable":"Feedback available","readFeedback":"Read feedback","wrongAnswer":"Wrong answer","correctAnswer":"Correct answer","shouldCheck":"Should have been checked","shouldNotCheck":"Should not have been checked","noInput":"Please answer before viewing the solution"},"behaviour":{"enableRetry":true,"enableSolutionsButton":false,"enableCheckButton":true,"type":"auto","singlePoint":false,"randomAnswers":true,"showSolutionsRequiresInput":true,"confirmCheckDialog":false,"confirmRetryDialog":false,"autoCheck":false,"passPercentage":100,"showScorePoints":true},"confirmCheck":{"header":"Finish ?","body":"Are you sure you wish to finish ?","cancelLabel":"Cancel","confirmLabel":"Finish"},"confirmRetry":{"header":"Retry ?","body":"Are you sure you wish to retry ?","cancelLabel":"Cancel","confirmLabel":"Confirm"},"question":"<p>What are three core concepts from the following research question that could be turned into keywords for a search?<\/p>\n\n<p><em>\"How are gender roles portrayed in contemporary Italian cinema?\"<\/em><\/p>\n","media":{"disableImageZooming":false}},"subContentId":"0816af05-3590-4c27-ba79-bb55822507fb","metadata":{"title":"What are three core concepts from the following research question that could be turned into keywords for a search?&quot;How are gender roles portrayed in contemporary Italian cinema?&quot;","license":"U","contentType":"Multiple Choice"}},"alwaysDisplayComments":false,"backgroundOpacity":0,"displayAsButton":false,"buttonSize":"big","goToSlideType":"specified","invisible":false,"solution":""}],"slideBackgroundSelector":{},"keywords":[{"main":"Questions"}]},{"elements":[{"x":19.604030501089326,"y":15.131099137931034,"width":62.200435729847499,"height":84.913793103448285,"action":{"library":"H5P.Blanks 1.12","params":{"text":"<h3>An effective search retrieves results related to all of your core concepts.<\/h3>\n\n<p>&nbsp;<\/p>\n\n<p>Fill in the blanks with \"AND\" or \"OR\".<\/p>\n\n<p>&nbsp;<\/p>\n","overallFeedback":[{"from":0,"to":99,"feedback":"Remember to use either &quot;AND&quot; or &quot;OR&quot;. AND is for joining keywords and OR is for joining synonyms."},{"from":100,"to":100}],"showSolutions":"Show solution","tryAgain":"Retry","checkAnswer":"Check","notFilledOut":"Please fill in all blanks to view solution","answerIsCorrect":"&#039;:ans&#039; is correct","answerIsWrong":"&#039;:ans&#039; is wrong","answeredCorrectly":"Answered correctly","answeredIncorrectly":"Answered incorrectly","solutionLabel":"Correct answer:","inputLabel":"Blank input @num of @total","inputHasTipLabel":"Tip available","tipLabel":"Tip","behaviour":{"enableRetry":true,"enableSolutionsButton":false,"enableCheckButton":true,"autoCheck":false,"caseSensitive":true,"showSolutionsRequiresInput":true,"separateLines":false,"confirmCheckDialog":false,"confirmRetryDialog":false,"acceptSpellingErrors":false},"confirmCheck":{"header":"Finish ?","body":"Are you sure you wish to finish ?","cancelLabel":"Cancel","confirmLabel":"Finish"},"confirmRetry":{"header":"Retry ?","body":"Are you sure you wish to retry ?","cancelLabel":"Cancel","confirmLabel":"Confirm"},"scoreBarLabel":"You got :num out of :total points","questions":["<p>\"gender roles\" *AND* contemporary *AND* \"Italian cinema\"<\/p>\n"],"media":{"disableImageZooming":false}},"subContentId":"a48a2d63-a831-4b5b-9ff5-ab84820a7dc4","metadata":{"title":"An effective search retrieves results related to all of your core concepts.\u00a0Fill in the blanks with &quot;AND&quot; or &quot;OR&quot;.","license":"U","contentType":"Fill in the Blanks"}},"alwaysDisplayComments":false,"backgroundOpacity":0,"displayAsButton":false,"buttonSize":"big","goToSlideType":"specified","invisible":false,"solution":""}],"slideBackgroundSelector":{},"keywords":[{"main":"Questions"}]},{"elements":[{"x":3.2679738562092,"y":6.4516129032257998,"width":39.978213507625,"height":12.47311827957,"action":{"library":"H5P.AdvancedText 1.1","params":{"text":"<h2>Reflection #2<\/h2>\n"},"subContentId":"b78c0590-4241-48a7-97c4-c583a9d63cb4","metadata":{"contentType":"Text","license":"U","title":"Untitled Text"}},"alwaysDisplayComments":false,"backgroundOpacity":0,"displayAsButton":false,"buttonSize":"big","goToSlideType":"specified","invisible":false,"solution":""},{"x":3.2679738562092,"y":17.184129032257999,"width":93.464052287582007,"height":33.978494623655997,"action":{"library":"H5P.ExportableTextArea 1.3","params":{"exportNotSupported":"Export not supported on your device","exportComments":false,"index":0,"label":"<p>Pick your favorite question from the outer edge of your concept map. List 3 or more core concepts\/keywords.<\/p>\n"},"subContentId":"f551434c-b3da-4917-ae6c-9acb3ff46789","metadata":{"title":"Pick your favorite question from the outer edge of your concept map. List 3 or more core concepts\/keywords.\n","license":"U","contentType":"Exportable Text Area"}},"alwaysDisplayComments":false,"backgroundOpacity":0,"displayAsButton":false,"buttonSize":"big","goToSlideType":"specified","invisible":false,"solution":""},{"x":3.2679738562092,"y":52.473118279570002,"width":93.464052287582007,"height":40.430107526881997,"action":{"library":"H5P.ExportableTextArea 1.3","params":{"exportNotSupported":"Export not supported on your device","exportComments":false,"index":1,"label":"<p>List at least 3 synonyms or related terms for one of your core concepts above. Click the question mark for an example.<\/p>\n"},"subContentId":"9a270182-9347-4014-8877-951a9fb4b73d","metadata":{"title":"List at least 3 synonyms or related terms for one of your core concepts above. Click the question mark for an example.\n","license":"U","contentType":"Exportable Text Area"}},"alwaysDisplayComments":true,"backgroundOpacity":0,"displayAsButton":false,"buttonSize":"big","goToSlideType":"specified","invisible":false,"solution":"<p><strong>Example:<\/strong><\/p>\n\n<p>Core concept: youth<\/p>\n\n<p>Related terms: adolescent, teenager, young adult<\/p>\n"}],"slideBackgroundSelector":{},"keywords":[{"main":"Reflection 2"}]},{"elements":[{"x":20.693355119825707,"y":20.058814655172412,"width":62.200435729847499,"height":75.431034482758619,"action":{"library":"H5P.Blanks 1.12","params":{"text":"<h3>In an effective search, should the synonyms of your core concepts should be joined by \"AND\" or \"OR\"?<\/h3>\n\n<p>&nbsp;<\/p>\n\n<p>Fill in the blanks with \"AND\" or \"OR\".<\/p>\n","overallFeedback":[{"from":0,"to":99,"feedback":"Remember to use either &quot;AND&quot; or &quot;OR&quot;. AND is for joining keywords and OR is for joining synonyms."},{"from":100,"to":100}],"showSolutions":"Show solution","tryAgain":"Retry","checkAnswer":"Check","notFilledOut":"Please fill in all blanks to view solution","answerIsCorrect":"&#039;:ans&#039; is correct","answerIsWrong":"&#039;:ans&#039; is wrong","answeredCorrectly":"Answered correctly","answeredIncorrectly":"Answered incorrectly","solutionLabel":"Correct answer:","inputLabel":"Blank input @num of @total","inputHasTipLabel":"Tip available","tipLabel":"Tip","behaviour":{"enableRetry":true,"enableSolutionsButton":false,"enableCheckButton":true,"autoCheck":false,"caseSensitive":true,"showSolutionsRequiresInput":true,"separateLines":false,"confirmCheckDialog":false,"confirmRetryDialog":false,"acceptSpellingErrors":false},"confirmCheck":{"header":"Finish ?","body":"Are you sure you wish to finish ?","cancelLabel":"Cancel","confirmLabel":"Finish"},"confirmRetry":{"header":"Retry ?","body":"Are you sure you wish to retry ?","cancelLabel":"Cancel","confirmLabel":"Confirm"},"scoreBarLabel":"You got :num out of :total points","questions":["<p>youth *OR* adolescent *OR* teenager<\/p>\n"],"media":{"disableImageZooming":false}},"subContentId":"a48a2d63-a831-4b5b-9ff5-ab84820a7dc4","metadata":{"title":"In an effective search, should the synonyms of your core concepts should be joined by &quot;AND&quot; or &quot;OR&quot;?\u00a0Fill in the blanks with &quot;AND&quot; or &quot;OR&quot;.","license":"U","contentType":"Fill in the Blanks"}},"alwaysDisplayComments":false,"backgroundOpacity":0,"displayAsButton":false,"buttonSize":"big","goToSlideType":"specified","invisible":false,"solution":""}],"slideBackgroundSelector":{},"keywords":[{"main":"Questions"}]},{"elements":[{"x":48.039215686275,"y":5.8064516129032002,"width":5.2287581699345997,"height":93.118279569891996,"action":{"library":"H5P.AdvancedText 1.1","params":{"text":"<p style=\"text-align: center;\">|<\/p>\n\n<p style=\"text-align: center;\">|<\/p>\n\n<p style=\"text-align: center;\">|<\/p>\n\n<p style=\"text-align: center;\">|<\/p>\n\n<p style=\"text-align: center;\">|<\/p>\n\n<p style=\"text-align: center;\">|<\/p>\n\n<p style=\"text-align: center;\">|<\/p>\n\n<p style=\"text-align: center;\">|<\/p>\n\n<p style=\"text-align: center;\">|<\/p>\n\n<p style=\"text-align: center;\">|<\/p>\n\n<p style=\"text-align: center;\">|<\/p>\n"},"subContentId":"5fb044d7-1b12-4787-a74e-53838fa9ad4d","metadata":{"contentType":"Text","license":"U","title":"Untitled Text"}},"alwaysDisplayComments":false,"backgroundOpacity":0,"displayAsButton":false,"buttonSize":"big","goToSlideType":"specified","invisible":false,"solution":""},{"x":6.5359477124182996,"y":4.3010752688171996,"width":35.729847494552999,"height":94.193548387096996,"action":{"library":"H5P.MultiChoice 1.14","params":{"answers":[{"correct":false,"tipsAndFeedback":{"tip":"","chosenFeedback":"","notChosenFeedback":""},"text":"<div>empire<\/div>\n"},{"correct":true,"tipsAndFeedback":{"tip":"","chosenFeedback":"","notChosenFeedback":""},"text":"<div>empathy<\/div>\n"},{"correct":true,"tipsAndFeedback":{"tip":"","chosenFeedback":"","notChosenFeedback":""},"text":"<div>empathetic<\/div>\n"},{"correct":false,"tipsAndFeedback":{"tip":"","chosenFeedback":"","notChosenFeedback":""},"text":"<div>empanada<\/div>\n"},{"correct":true,"tipsAndFeedback":{"tip":"","chosenFeedback":"","notChosenFeedback":""},"text":"<div>empathize<\/div>\n"}],"overallFeedback":[{"from":0,"to":99,"feedback":"Anything that comes before the asterisk must be part of the final search result."},{"from":100,"to":100}],"UI":{"checkAnswerButton":"Check","showSolutionButton":"Show solution","tryAgainButton":"Retry","tipsLabel":"Show tip","scoreBarLabel":"You got :num out of :total points","tipAvailable":"Tip available","feedbackAvailable":"Feedback available","readFeedback":"Read feedback","wrongAnswer":"Wrong answer","correctAnswer":"Correct answer","shouldCheck":"Should have been checked","shouldNotCheck":"Should not have been checked","noInput":"Please answer before viewing the solution"},"behaviour":{"enableRetry":true,"enableSolutionsButton":false,"enableCheckButton":true,"type":"auto","singlePoint":false,"randomAnswers":true,"showSolutionsRequiresInput":true,"confirmCheckDialog":false,"confirmRetryDialog":false,"autoCheck":false,"passPercentage":100,"showScorePoints":true},"confirmCheck":{"header":"Finish ?","body":"Are you sure you wish to finish ?","cancelLabel":"Cancel","confirmLabel":"Finish"},"confirmRetry":{"header":"Retry ?","body":"Are you sure you wish to retry ?","cancelLabel":"Cancel","confirmLabel":"Confirm"},"question":"<p>Using the asterisk technique from the tutorial, what results would this search find? (check all that apply)<\/p>\n\n<p><strong>empath*<\/strong><\/p>\n","media":{"disableImageZooming":false}},"subContentId":"4102dea6-a96e-4eaa-a7af-4b7d81f20e98","metadata":{"title":"Using the asterisk technique from the tutorial, what results would this search find? (check all that apply)empath*","license":"U","contentType":"Multiple Choice"}},"alwaysDisplayComments":false,"backgroundOpacity":0,"displayAsButton":false,"buttonSize":"big","goToSlideType":"specified","invisible":false,"solution":""},{"x":57.734204793027999,"y":4.3010752688171996,"width":36.710239651416003,"height":92.043010752688005,"action":{"library":"H5P.SingleChoiceSet 1.11","params":{"choices":[{"subContentId":"0fbb676e-91a5-4924-a74f-dca6754018da","question":"<p>You want to find results that include the words:<\/p>\n\n<p><strong>development, developing, develop, developed<\/strong><\/p>\n\n<p>Where would you place an asterisk on the root word to make sure that your results included all of the different endings?<\/p>\n","answers":["<p>develop*<\/p>\n","<p>developing*<\/p>\n","<p>developm*<\/p>\n","<p>developed*<\/p>\n"]}],"overallFeedback":[{"from":0,"to":99,"feedback":"What letters do all the words have in common?"},{"from":100,"to":100}],"behaviour":{"autoContinue":true,"timeoutCorrect":2000,"timeoutWrong":3000,"soundEffectsEnabled":true,"enableRetry":true,"enableSolutionsButton":false,"passPercentage":100},"l10n":{"nextButtonLabel":"Next question","showSolutionButtonLabel":"Show solution","retryButtonLabel":"Retry","solutionViewTitle":"Solution list","correctText":"Correct!","incorrectText":"Incorrect!","muteButtonLabel":"Mute feedback sound","closeButtonLabel":"Close","slideOfTotal":"Slide :num of :total","scoreBarLabel":"You got :num out of :total points","solutionListQuestionNumber":"Question :num"}},"subContentId":"49a63545-d034-434f-84c1-41dce9c09f5e","metadata":{"title":"You want to find results that include the words:development, developing, develop, developedWhere would you place an asterisk on the root word to make sure that your results included all of the different endings?","license":"U","contentType":"Single Choice Set"}},"alwaysDisplayComments":false,"backgroundOpacity":0,"displayAsButton":false,"buttonSize":"big","goToSlideType":"specified","invisible":false,"solution":""}],"slideBackgroundSelector":{},"keywords":[{"main":"Questions"}]},{"elements":[{"x":51.416122004357,"y":6.4516129032257998,"width":5.2287581699345997,"height":93.118279569891996,"action":{"library":"H5P.AdvancedText 1.1","params":{"text":"<p style=\"text-align: center;\">|<\/p>\n\n<p style=\"text-align: center;\">|<\/p>\n\n<p style=\"text-align: center;\">|<\/p>\n\n<p style=\"text-align: center;\">|<\/p>\n\n<p style=\"text-align: center;\">|<\/p>\n\n<p style=\"text-align: center;\">|<\/p>\n\n<p style=\"text-align: center;\">|<\/p>\n\n<p style=\"text-align: center;\">|<\/p>\n\n<p style=\"text-align: center;\">|<\/p>\n\n<p style=\"text-align: center;\">|<\/p>\n\n<p style=\"text-align: center;\">|<\/p>\n"},"subContentId":"5fb044d7-1b12-4787-a74e-53838fa9ad4d","metadata":{"contentType":"Text","license":"U","title":"Untitled Text"}},"alwaysDisplayComments":false,"backgroundOpacity":0,"displayAsButton":false,"buttonSize":"big","goToSlideType":"specified","invisible":false,"solution":""},{"x":56.644880174291998,"y":12.903225806451999,"width":39.978213507625,"height":38.279569892472999,"action":{"library":"H5P.ExportableTextArea 1.3","params":{"exportNotSupported":"Export not supported on your device","exportComments":false,"index":0,"label":"<p>Choose a phrase relevant to one of your core concepts and place quotations around it to narrow down your search results.<\/p>\n"},"subContentId":"f1fa17c6-0305-45c3-b281-e572e47dfe7a","metadata":{"title":"Choose a phrase relevant to one of your core concepts and place quotations around it to narrow down your search results.\n","license":"U","contentType":"Exportable Text Area"}},"alwaysDisplayComments":false,"backgroundOpacity":0,"displayAsButton":false,"buttonSize":"big","goToSlideType":"specified","invisible":false,"solution":""},{"x":1.0893246187364001,"y":2.1404559139785002,"width":50.980392156862997,"height":97.419354838710007,"action":{"library":"H5P.MultiChoice 1.14","params":{"answers":[{"correct":false,"tipsAndFeedback":{"tip":"","chosenFeedback":"","notChosenFeedback":""},"text":"<div>Effect of social anxiety on admissions interview outcomes<\/div>\n"},{"correct":true,"tipsAndFeedback":{"tip":"","chosenFeedback":"","notChosenFeedback":""},"text":"<div>Social intelligence in non-human primates<\/div>\n"},{"correct":false,"tipsAndFeedback":{"tip":"","chosenFeedback":"","notChosenFeedback":""},"text":"<div>Intelligence as a predictor for financial stability&nbsp;<\/div>\n"},{"correct":true,"tipsAndFeedback":{"tip":"","chosenFeedback":"","notChosenFeedback":""},"text":"<div>Review: validity of the social intelligence quotient (SQ)<\/div>\n"}],"overallFeedback":[{"from":0,"to":99,"feedback":"All correct answers should contain the key term &quot;social intelligence&quot;"},{"from":100,"to":100}],"UI":{"checkAnswerButton":"Check","showSolutionButton":"Show solution","tryAgainButton":"Retry","tipsLabel":"Show tip","scoreBarLabel":"You got :num out of :total points","tipAvailable":"Tip available","feedbackAvailable":"Feedback available","readFeedback":"Read feedback","wrongAnswer":"Wrong answer","correctAnswer":"Correct answer","shouldCheck":"Should have been checked","shouldNotCheck":"Should not have been checked","noInput":"Please answer before viewing the solution"},"behaviour":{"enableRetry":true,"enableSolutionsButton":false,"enableCheckButton":true,"type":"auto","singlePoint":false,"randomAnswers":true,"showSolutionsRequiresInput":true,"confirmCheckDialog":false,"confirmRetryDialog":false,"autoCheck":false,"passPercentage":100,"showScorePoints":true},"confirmCheck":{"header":"Finish ?","body":"Are you sure you wish to finish ?","cancelLabel":"Cancel","confirmLabel":"Finish"},"confirmRetry":{"header":"Retry ?","body":"Are you sure you wish to retry ?","cancelLabel":"Cancel","confirmLabel":"Confirm"},"question":"<p>Quotation marks help us search for an entire phrase without finding results for its composite parts. If you used quotation marks to search \"social intelligence,\" what results would you find? (check all that apply)<\/p>\n","media":{"disableImageZooming":false}},"subContentId":"4102dea6-a96e-4eaa-a7af-4b7d81f20e98","metadata":{"title":"Quotation marks help us search for an entire phrase without finding results for its composite parts. If you used quotation marks to search &quot;social intelligence,&quot; what results would you find? (check all that apply)","license":"U","contentType":"Multiple Choice"}},"alwaysDisplayComments":false,"backgroundOpacity":0,"displayAsButton":false,"buttonSize":"big","goToSlideType":"specified","invisible":false,"solution":""},{"x":66.448801742919002,"y":51.612903225806001,"width":20.250088594137999,"height":40,"action":{"library":"H5P.Image 1.1","params":{"contentName":"Image","file":{"path":"images\/file-5bcf97b79e44e.png","mime":"image\/png","width":600,"height":600,"copyright":{"license":"U"}},"alt":"quotes"},"subContentId":"e3667ffa-a45c-4f93-9450-72901175735b","metadata":{"license":"U","contentType":"Image","title":"Untitled Image"}},"alwaysDisplayComments":false,"backgroundOpacity":0,"displayAsButton":false,"buttonSize":"big","goToSlideType":"specified","invisible":false,"solution":""}],"slideBackgroundSelector":{},"keywords":[{"main":"Reflection 3"}]},{"elements":[{"x":4.3572984749454999,"y":4.2943655913978001,"width":39.978213507625,"height":10.322580645161,"action":{"library":"H5P.AdvancedText 1.1","params":{"text":"<h2>Constructing your search<\/h2>\n"},"subContentId":"7bed1f64-f5a4-40d2-b917-eb1429c8c703","metadata":{"contentType":"Text","license":"U","title":"Untitled Text"}},"alwaysDisplayComments":false,"backgroundOpacity":0,"displayAsButton":false,"buttonSize":"big","goToSlideType":"specified","invisible":false,"solution":""},{"x":5.4466230936819002,"y":36.559139784945998,"width":39.978213507625,"height":21.075268817204002,"action":{"library":"H5P.ExportableTextArea 1.3","params":{"exportNotSupported":"Export not supported on your device","exportComments":false,"index":1,"label":"<p><strong>Your research question:<\/strong><\/p>\n"},"subContentId":"8b82b6f7-c287-40db-a682-8b6f8f667134","metadata":{"title":"Your research question:\n","license":"U","contentType":"Exportable Text Area"}},"alwaysDisplayComments":false,"backgroundOpacity":0,"displayAsButton":false,"buttonSize":"big","goToSlideType":"specified","invisible":false,"solution":""},{"x":5.4466230936819002,"y":60.215053763440999,"width":40.087145969498998,"height":31.827956989246999,"action":{"library":"H5P.ExportableTextArea 1.3","params":{"exportNotSupported":"Export not supported on your device","exportComments":false,"index":0,"label":"<p><strong>Your search:<\/strong><\/p>\n"},"subContentId":"95ad78cb-e747-4b6b-a33f-228c40f43c87","metadata":{"title":"Your search:\n","license":"U","contentType":"Exportable Text Area"}},"alwaysDisplayComments":false,"backgroundOpacity":0,"displayAsButton":false,"buttonSize":"big","goToSlideType":"specified","invisible":false,"solution":""},{"x":51.198257080609999,"y":45.107526881719998,"width":44.444444444444002,"height":12.47311827957,"action":{"library":"H5P.AdvancedText 1.1","params":{"text":"<p>Do crows show empathy?<\/p>\n"},"subContentId":"fd278c2e-d284-435e-9081-577897f36cf2","metadata":{"contentType":"Text","license":"U","title":"Untitled Text"}},"alwaysDisplayComments":false,"backgroundOpacity":100,"displayAsButton":false,"buttonSize":"big","goToSlideType":"specified","invisible":false,"solution":""},{"x":4.3572984749454999,"y":17.184129032257999,"width":90.196078431372996,"height":14.623655913978,"action":{"library":"H5P.AdvancedText 1.1","params":{"text":"<p><span style=\"font-size:1em;\">Write down your research question and then construct an effective search using what you've learned! Remember to join keywords for each core concept with \"OR\". Use at least one asterisk and at least one set of quotes to improve your search strategy. Use the examples on the right to guide you.<\/span><\/p>\n"},"subContentId":"8ec16856-167c-4355-ae1d-4124fca69dda","metadata":{"contentType":"Text","license":"U","title":"Untitled Text"}},"alwaysDisplayComments":false,"backgroundOpacity":0,"displayAsButton":false,"buttonSize":"big","goToSlideType":"specified","invisible":false,"solution":""},{"x":51.198257080609999,"y":66.586021505375996,"width":44.444444444444002,"height":25.376344086022002,"action":{"library":"H5P.AdvancedText 1.1","params":{"text":"<p>crow OR raven OR rook* OR corv*<\/p>\n\n<p>AND empath* OR emot* OR \"social intelligence\"<\/p>\n"},"subContentId":"a225998e-0004-45a2-ae43-9472d5588489","metadata":{"contentType":"Text","license":"U","title":"Untitled Text"}},"alwaysDisplayComments":false,"backgroundOpacity":100,"displayAsButton":false,"buttonSize":"big","goToSlideType":"specified","invisible":false,"solution":""}],"slideBackgroundSelector":{},"keywords":[{"main":"Reflection 4"}]},{"elements":[{"x":40.421792618629169,"y":38.194444444444443,"width":20.250088594137999,"height":40,"action":{"library":"H5P.Image 1.1","params":{"contentName":"Image","file":{"path":"images\/file-5bce1932e740b.png","mime":"image\/png","width":432,"height":432,"copyright":{"license":"U"}},"alt":"Savvy Searcher Badge"},"subContentId":"5fa8abcb-7016-43ec-8852-bf7beb55705c","metadata":{"license":"U","contentType":"Image","title":"Untitled Image"}},"alwaysDisplayComments":false,"backgroundOpacity":0,"displayAsButton":false,"buttonSize":"big","goToSlideType":"specified","invisible":false,"solution":""},{"x":17.574692442882249,"y":6.9444444444444455,"width":64.516129032258064,"height":29.177718832891248,"action":{"library":"H5P.AdvancedText 1.1","params":{"text":"<h2 style=\"text-align: center;\"><span style=\"font-size:1.75em;\">Way to go!<\/span><\/h2>\n\n<p style=\"text-align: center;\"><span style=\"font-size:1.625em;\">To complete the workshop, <a href=\"https:\/\/ucla.libwizard.com\/id\/a836f9a7a624950db5d4e4b082379ac0\" target=\"_blank\">click here to take a 1-minute survey!<\/a><\/span><\/p>\n"},"metadata":{"contentType":"Text","license":"U","title":"Untitled Text"},"subContentId":"53b5dfda-898a-409a-a6f5-e0bd956d072d"},"alwaysDisplayComments":false,"backgroundOpacity":0,"displayAsButton":false,"buttonSize":"big","goToSlideType":"specified","invisible":false,"solution":""},{"x":15.817223198594023,"y":79.861111111111114,"width":69.892473118279568,"height":18.567639257294431,"action":{"library":"H5P.AdvancedText 1.1","params":{"text":"<p style=\"text-align: center;\"><span style=\"font-size:1.625em;\">Remember to click the \"print\" button on the bottom right to save a copy of your work!<\/span><\/p>\n"},"metadata":{"contentType":"Text","license":"U","title":"Untitled Text"},"subContentId":"2e9d394e-b17b-4255-8982-e1fbf0b954c5"},"alwaysDisplayComments":false,"backgroundOpacity":0,"displayAsButton":false,"buttonSize":"big","goToSlideType":"specified","invisible":false,"solution":""}],"slideBackgroundSelector":{},"keywords":[{"main":"Export"}]}],"keywordListEnabled":true,"globalBackgroundSelector":{"imageGlobalBackground":{"path":"images\/imageGlobalBackground-5bb3f8d61b32e.jpg","mime":"image\/jpeg","copyright":{"license":"U"},"width":1600,"height":800}},"keywordListAlwaysShow":false,"keywordListAutoHide":false,"keywordListOpacity":90},"l10n":{"slide":"Slide","score":"Score","yourScore":"Your Score","maxScore":"Max Score","total":"Total","totalScore":"Total Score","showSolutions":"Show solutions","retry":"Retry","exportAnswers":"Export text","hideKeywords":"Hide keywords list","showKeywords":"Show keywords list","fullscreen":"Fullscreen","exitFullscreen":"Exit fullscreen","prevSlide":"Previous slide","nextSlide":"Next slide","currentSlide":"Current slide","lastSlide":"Last slide","solutionModeTitle":"Exit solution mode","solutionModeText":"Solution Mode","summaryMultipleTaskText":"Multiple tasks","scoreMessage":"You achieved:","shareFacebook":"Share on Facebook","shareTwitter":"Share on Twitter","shareGoogle":"Share on Google+","summary":"Summary","solutionsButtonTitle":"Show comments","printTitle":"Print","printIngress":"How would you like to print this presentation?","printAllSlides":"Print all slides","printCurrentSlide":"Print current slide","noTitle":"No title","accessibilitySlideNavigationExplanation":"Use left and right arrow to change slide in that direction whenever canvas is selected.","accessibilityCanvasLabel":"Presentation canvas. Use left and right arrow to move between slides.","containsNotCompleted":"@slideName contains not completed interaction","containsCompleted":"@slideName contains completed interaction","slideCount":"Slide @index of @total","containsOnlyCorrect":"@slideName only has correct answers","containsIncorrectAnswers":"@slideName has incorrect answers","shareResult":"Share Result","accessibilityTotalScore":"You got @score of @maxScore points in total","accessibilityEnteredFullscreen":"Entered fullscreen","accessibilityExitedFullscreen":"Exited fullscreen"},"override":{"activeSurface":false,"hideSummarySlide":false,"enablePrintButton":true,"social":{"showFacebookShare":true,"facebookShare":{"url":"@currentpageurl","quote":"I scored @score out of @maxScore on a task at @currentpageurl."},"showTwitterShare":false,"twitterShare":{"statement":"I scored @score out of @maxScore on a task at @currentpageurl.","url":"@currentpageurl","hashtags":"h5p, course"},"showGoogleShare":false,"googleShareUrl":"@currentpageurl"},"summarySlideSolutionButton":true,"summarySlideRetryButton":true}}